{"19": [{"cam_t_m2c": [159.36019897460938, -90.00513458251953, 1088.711669921875], "cam_R_m2c": [-0.9350125193595886, -0.2349482625722885, 0.26561397314071655, -0.21952363848686218, -0.20475277304649353, -0.9538792371749878, 0.27849748730659485, -0.9501976370811462, 0.13986971974372864], "obj_id": 1}], "45": [{"cam_t_m2c": [454.6515808105469, -30.741395950317383, 1086.0404052734375], "cam_R_m2c": [-0.9919689297676086, -0.11286266148090363, 0.05709227919578552, -0.0687975138425827, 0.10269629210233688, -0.9923307299613953, 0.10613393783569336, -0.9882890582084656, -0.10963621735572815], "obj_id": 1}], "51": [{"cam_t_m2c": [-5.110193729400635, -98.29917907714844, 1070.935546875], "cam_R_m2c": [-0.9995843172073364, -0.01756897009909153, -0.022861000150442123, 0.022007515653967857, 0.04732641205191612, -0.9986370205879211, 0.018626952543854713, -0.9987250566482544, -0.046920083463191986], "obj_id": 1}], "60": [{"cam_t_m2c": [-100.33573913574219, 80.58174896240234, 866.8074340820312], "cam_R_m2c": [-0.9949536919593811, -0.05090721696615219, -0.08646117150783539, 0.09971855580806732, -0.40634995698928833, -0.9082598686218262, 0.011103481985628605, -0.9122982025146484, 0.40937578678131104], "obj_id": 1}], "66": [{"cam_t_m2c": [283.0721740722656, 85.31082916259766, 829.3158569335938], "cam_R_m2c": [-0.9131938219070435, -0.043162550777196884, 0.40523332357406616, -0.4021022915840149, -0.06625228375196457, -0.9131945967674255, 0.06626342236995697, -0.996868908405304, 0.043145421892404556], "obj_id": 1}], "68": [{"cam_t_m2c": [234.50070190429688, 107.46187591552734, 800.0868530273438], "cam_R_m2c": [-0.9993337988853455, 0.021048614755272865, -0.02981540746986866, 0.03196151927113533, 0.11032290756702423, -0.9933817982673645, -0.01762000098824501, -0.9936729669570923, -0.11092215776443481], "obj_id": 1}], "69": [{"cam_t_m2c": [203.02157592773438, 119.43582153320312, 798.3646850585938], "cam_R_m2c": [-0.9958145022392273, 0.07107549905776978, -0.05746045708656311, 0.04379834607243538, -0.18070149421691895, -0.9825623035430908, -0.08021929115056992, -0.9809664487838745, 0.1768321990966797], "obj_id": 1}], "72": [{"cam_t_m2c": [-88.48133087158203, 96.02159118652344, 904.130615234375], "cam_R_m2c": [-0.9857046604156494, -0.09733899682760239, -0.13751879334449768, 0.14329537749290466, -0.05504487454891205, -0.988148033618927, 0.08861562609672546, -0.9937279224395752, 0.06820622086524963], "obj_id": 1}], "110": [{"cam_t_m2c": [-220.88827514648438, -73.11427307128906, 871.9645385742188], "cam_R_m2c": [-0.9962518811225891, 0.08301309496164322, -0.024310361593961716, 0.010039536282420158, -0.16817767918109894, -0.9857056140899658, -0.08591493219137192, -0.9822550415992737, 0.1667138934135437], "obj_id": 1}], "111": [{"cam_t_m2c": [-203.66651916503906, -47.40519714355469, 837.6781616210938], "cam_R_m2c": [-0.9809008836746216, 0.17412099242210388, 0.08669140934944153, -0.15345872938632965, -0.41891658306121826, -0.8949633240699768, -0.11951544135808945, -0.8911738395690918, 0.43763598799705505], "obj_id": 1}]}