{"19": [{"cam_t_m2c": [147.70510864257812, -82.52452850341797, 1014.01708984375], "cam_R_m2c": [-0.9166064858436584, -0.25830477476119995, 0.3051412105560303, -0.22681856155395508, -0.2925322651863098, -0.928966224193573, 0.3292200267314911, -0.9207082390785217, 0.2095486968755722], "obj_id": 1}], "45": [{"cam_t_m2c": [390.8574523925781, -26.111948013305664, 937.8408203125], "cam_R_m2c": [-0.9969254732131958, -0.04020148515701294, 0.06725603342056274, -0.06858900189399719, 0.032751258462667465, -0.9971072673797607, 0.03788246959447861, -0.9986546039581299, -0.03540794551372528], "obj_id": 1}], "51": [{"cam_t_m2c": [-4.171803951263428, -90.29426574707031, 987.7775268554688], "cam_R_m2c": [-0.9992566108703613, -0.03254389017820358, -0.02066762000322342, 0.018525736406445503, 0.06479471921920776, -0.9977266192436218, 0.033809058368206024, -0.997367799282074, -0.06414365023374557], "obj_id": 1}], "60": [{"cam_t_m2c": [-95.55549621582031, 77.9513931274414, 826.7960815429688], "cam_R_m2c": [-0.994100034236908, 0.015061836689710617, -0.10741632431745529, 0.09260613471269608, -0.39774855971336365, -0.912808895111084, -0.056473277509212494, -0.9173707365989685, 0.3940070569515228], "obj_id": 1}], "66": [{"cam_t_m2c": [278.4780578613281, 85.98017883300781, 825.2098999023438], "cam_R_m2c": [-0.8752405643463135, -0.14833159744739532, 0.4603821635246277, -0.3974682092666626, -0.32183438539505005, -0.8593263030052185, 0.2756320536136627, -0.935104489326477, 0.22272542119026184], "obj_id": 1}], "68": [{"cam_t_m2c": [230.74253845214844, 106.24140930175781, 792.1603393554688], "cam_R_m2c": [-0.999137818813324, 0.008005316369235516, -0.04073947295546532, 0.04034274071455002, -0.04467523843050003, -0.9981866478919983, -0.009810848161578178, -0.998969554901123, 0.04431375861167908], "obj_id": 1}], "69": [{"cam_t_m2c": [203.909423828125, 119.92918395996094, 804.1327514648438], "cam_R_m2c": [-0.9979503154754639, 0.023438939824700356, -0.05954686552286148, 0.05173385143280029, -0.2522129714488983, -0.9662879109382629, -0.03766724839806557, -0.9673879146575928, 0.2504834234714508], "obj_id": 1}], "72": [{"cam_t_m2c": [-80.93586730957031, 90.63643646240234, 839.4442138671875], "cam_R_m2c": [-0.9909738302230835, -0.010774783790111542, -0.1336217224597931, 0.1340549886226654, -0.08223845809698105, -0.9875555634498596, -0.0003481556777842343, -0.9965543150901794, 0.08294057846069336], "obj_id": 1}], "110": [{"cam_t_m2c": [-219.4053955078125, -74.64412689208984, 849.8280029296875], "cam_R_m2c": [-0.9975742697715759, 0.05727552995085716, -0.039562586694955826, 0.01811002939939499, -0.33522841334342957, -0.9419628977775574, -0.06721392273902893, -0.940394401550293, 0.3333779573440552], "obj_id": 1}], "111": [{"cam_t_m2c": [-202.93789672851562, -46.317073822021484, 816.4805297851562], "cam_R_m2c": [-0.9931496381759644, 0.091630719602108, 0.07250872999429703, -0.10940924286842346, -0.5113383531570435, -0.852386474609375, -0.04102828726172447, -0.854480504989624, 0.5178607702255249], "obj_id": 1}]}