{"3": [{"cam_t_m2c": [-82.0409164428711, -7.273807048797607, 1051.755615234375], "cam_R_m2c": [-0.9939470887184143, 0.03317395970225334, -0.10473135858774185, 0.05837898701429367, -0.648086667060852, -0.7593259215354919, -0.0930648222565651, -0.7608438730239868, 0.6422271728515625], "obj_id": 1}], "4": [{"cam_t_m2c": [-77.06116485595703, -7.517910003662109, 946.8849487304688], "cam_R_m2c": [-0.9897378087043762, 0.06644538044929504, -0.1265072226524353, 0.06674936413764954, -0.5678098797798157, -0.8204489350318909, -0.12634709477424622, -0.8204736113548279, 0.5575477480888367], "obj_id": 1}], "6": [{"cam_t_m2c": [-154.8955841064453, -74.24610900878906, 830.8396606445312], "cam_R_m2c": [-0.9587239027023315, 0.22696329653263092, -0.17127789556980133, 0.0679803416132927, -0.4019417464733124, -0.9131383299827576, -0.2760925889015198, -0.8870910406112671, 0.36992213129997253], "obj_id": 1}], "9": [{"cam_t_m2c": [-13.754422187805176, -154.78460693359375, 848.529296875], "cam_R_m2c": [-0.9472238421440125, 0.2533283233642578, -0.1964474320411682, 0.0848090872168541, -0.39294007420539856, -0.9156448841094971, -0.3091508150100708, -0.8839811682701111, 0.350717693567276], "obj_id": 1}], "16": [{"cam_t_m2c": [-5.3146491050720215, -51.741310119628906, 869.68798828125], "cam_R_m2c": [-0.9737116694450378, 0.1414944976568222, -0.1785072386264801, 0.09020214527845383, -0.4800855815410614, -0.8725717067718506, -0.2091628462076187, -0.8657349944114685, 0.45470187067985535], "obj_id": 1}], "36": [{"cam_t_m2c": [-85.09063720703125, -43.59805679321289, 1068.6318359375], "cam_R_m2c": [-0.9888202548027039, 0.14135244488716125, 0.04747476801276207, -0.12505470216274261, -0.6127253174781799, -0.7803390622138977, -0.08121383935213089, -0.7775520086288452, 0.6235520243644714], "obj_id": 1}], "75": [{"cam_t_m2c": [-76.17996215820312, -122.29235076904297, 743.404541015625], "cam_R_m2c": [-0.9371957778930664, 0.06684643030166626, -0.3423384130001068, 0.292980432510376, -0.3817293345928192, -0.8766101002693176, -0.18927885591983795, -0.92185378074646, 0.33817043900489807], "obj_id": 1}], "85": [{"cam_t_m2c": [17.828205108642578, -72.4849624633789, 530.8710327148438], "cam_R_m2c": [-0.9755598306655884, 0.11628159880638123, -0.1864447444677353, 0.12771794199943542, -0.39038440585136414, -0.911750078201294, -0.17880487442016602, -0.913279116153717, 0.36599206924438477], "obj_id": 1}]}