{"3": [{"cam_t_m2c": [-81.43159484863281, -6.715303897857666, 1022.3431396484375], "cam_R_m2c": [-0.992057204246521, 0.04758960008621216, -0.11643779277801514, 0.05866958945989609, -0.6437549591064453, -0.7629793286323547, -0.11126728355884552, -0.7637504935264587, 0.63584965467453], "obj_id": 1}], "4": [{"cam_t_m2c": [-75.00177001953125, -9.396449089050293, 892.7073974609375], "cam_R_m2c": [-0.9884979128837585, 0.09026873856782913, -0.12134036421775818, 0.03504743427038193, -0.6437590718269348, -0.7644251585006714, -0.14711767435073853, -0.7598853707313538, 0.6331908106803894], "obj_id": 1}], "6": [{"cam_t_m2c": [-154.99024963378906, -73.25775146484375, 826.6168212890625], "cam_R_m2c": [-0.9661957025527954, 0.19894181191921234, -0.16397573053836823, 0.06151708960533142, -0.4397566020488739, -0.896007776260376, -0.2503627836704254, -0.8758061528205872, 0.4126526117324829], "obj_id": 1}], "9": [{"cam_t_m2c": [-14.351191520690918, -150.2042236328125, 821.46044921875], "cam_R_m2c": [-0.9570183157920837, 0.22432292997837067, -0.18383491039276123, 0.08393636345863342, -0.3925052881240845, -0.9159117341041565, -0.2776161730289459, -0.8919747471809387, 0.35680583119392395], "obj_id": 1}], "16": [{"cam_t_m2c": [-6.366605281829834, -52.13094711303711, 875.9078979492188], "cam_R_m2c": [-0.9796708226203918, 0.10775955021381378, -0.16921284794807434, 0.09539447724819183, -0.49178415536880493, -0.8654757142066956, -0.17647947371006012, -0.8640233278274536, 0.47150689363479614], "obj_id": 1}], "36": [{"cam_t_m2c": [-81.30765533447266, -41.09354782104492, 1023.5281982421875], "cam_R_m2c": [-0.9898844957351685, 0.11945745348930359, 0.07654238492250443, -0.13459083437919617, -0.6200109720230103, -0.7729629278182983, -0.044879067689180374, -0.7754459381103516, 0.629817008972168], "obj_id": 1}], "75": [{"cam_t_m2c": [-78.69068145751953, -124.1038818359375, 755.00146484375], "cam_R_m2c": [-0.9433034658432007, 0.06836985051631927, -0.32481417059898376, 0.27927571535110474, -0.36540335416793823, -0.887967050075531, -0.17939835786819458, -0.9283351302146912, 0.32559213042259216], "obj_id": 1}], "85": [{"cam_t_m2c": [15.952571868896484, -77.94657897949219, 567.146484375], "cam_R_m2c": [-0.9783032536506653, 0.0946045070886612, -0.18431703746318817, 0.13430573046207428, -0.3878030478954315, -0.9119049906730652, -0.15774904191493988, -0.9168744087219238, 0.3666830360889435], "obj_id": 1}]}