{"7": [{"cam_t_m2c": [-5.134687423706055, 8.448251724243164, 785.1024169921875], "cam_R_m2c": [-0.9750936627388, 0.2203548103570938, 0.025217967107892036, -0.21485060453414917, -0.9102210402488708, -0.3540293872356415, -0.05505813658237457, -0.35062992572784424, 0.934894323348999], "obj_id": 1}], "22": [{"cam_t_m2c": [24.015005111694336, -92.08050537109375, 749.829833984375], "cam_R_m2c": [-0.29923632740974426, -0.3499527871608734, -0.887688398361206, 0.9157974123954773, -0.3665371537208557, -0.16421209275722504, -0.26790428161621094, -0.862080991268158, 0.4301670789718628], "obj_id": 1}], "48": [{"cam_t_m2c": [18.133039474487305, 152.20773315429688, 837.4488525390625], "cam_R_m2c": [-0.8624669909477234, 0.10397014766931534, -0.49531903862953186, 0.2834346890449524, -0.7115859985351562, -0.642892062664032, -0.41930368542671204, -0.6948638558387756, 0.5842506289482117], "obj_id": 1}], "49": [{"cam_t_m2c": [22.888782501220703, 164.75247192382812, 763.134033203125], "cam_R_m2c": [-0.9473972916603088, 0.12670107185840607, -0.29391366243362427, 0.1395031362771988, -0.6630197167396545, -0.7354887127876282, -0.28805777430534363, -0.7378019094467163, 0.6104678511619568], "obj_id": 1}]}