{"7": [{"cam_t_m2c": [-3.108388900756836, 4.95518684387207, 794.6156005859375], "cam_R_m2c": [-0.979519784450531, 0.17365726828575134, 0.1019028052687645, -0.20103077590465546, -0.8718777298927307, -0.44655999541282654, 0.011298413388431072, -0.45789992809295654, 0.888931930065155], "obj_id": 1}], "22": [{"cam_t_m2c": [24.47277069091797, -92.07808685302734, 750.5298461914062], "cam_R_m2c": [-0.3514244854450226, -0.2803787589073181, -0.893246054649353, 0.8717553615570068, -0.44590499997138977, -0.20300552248954773, -0.3413844406604767, -0.850033164024353, 0.40112364292144775], "obj_id": 1}], "48": [{"cam_t_m2c": [16.026029586791992, 153.44570922851562, 835.0250244140625], "cam_R_m2c": [-0.8905732035636902, 0.08098485320806503, -0.44757211208343506, 0.26973289251327515, -0.6982807517051697, -0.6630597710609436, -0.36622875928878784, -0.7112281918525696, 0.6000258326530457], "obj_id": 1}], "49": [{"cam_t_m2c": [22.817537307739258, 174.69151306152344, 805.469482421875], "cam_R_m2c": [-0.9643599390983582, 0.06971080601215363, -0.25524547696113586, 0.1373504400253296, -0.6926268339157104, -0.7080980539321899, -0.2261519730091095, -0.7179194688796997, 0.6583667993545532], "obj_id": 1}]}